{
    "Version": "2012-10-17",
    "Statement": [
        {
            "Sid": "VisualEditor0",
            "Effect": "Allow",
            "Action": [
                "fsx:DescribeAssociatedFileGateways",
                "fsx:DescribeDataRepositoryTasks",
                "states:ListStateMachines",
                "states:DescribeStateMachine",
                "guardduty:GetDetector",
                "codeartifact:ListDomains",
                "elasticmapreduce:ListInstanceGroups",
                "events:ListRules",
                "guardduty:GetFilter",
                "appflow:ListFlows",
                "waf-regional:ListWebACLs",
                "fsx:DescribeBackups",
                "events:DescribeRule",
                "states:DescribeActivity",
                "states:ListActivities",
                "events:ListConnections",
                "fsx:DescribeVolumes",
                "codeartifact:DescribeRepository",
                "waf-regional:ListRules",
                "forecast:ListDatasets",
                "events:DescribeEventBus",
                "events:DescribeArchive",
                "memorydb:DescribeClusters",
                "codeartifact:ListRepositories",
                "codecommit:GetRepository",
                "ecr:DescribeImages",
                "timestream:DescribeTable",
                "sagemaker:ListDomains",
                "guardduty:ListFilters",
                "forecast:ListPredictors",
                "appflow:DescribeConnectorEntity",
                "forecast:DescribeDataset",
                "fsx:DescribeFileSystems",
                "wafv2:ListWebACLs",
                "sagemaker:DescribeProject",
                "sagemaker:DescribeNotebookInstance",
                "events:DescribeConnection",
                "sagemaker:ListProjects",
                "ecr:ListImages",
                "codecommit:ListRepositories",
                "forecast:DescribePredictor",
                "events:ListEventSources",
                "events:DescribeReplay",
                "outposts:ListSites",
                "timestream:ListDatabases",
                "appflow:DescribeFlow",
                "fsx:DescribeStorageVirtualMachines",
                "elasticmapreduce:ListClusters",
                "ecr:DescribeRepositories",
                "sagemaker:ListNotebookInstances",
                "timestream:DescribeDatabase",
                "events:ListReplays",
                "guardduty:ListDetectors",
                "timestream:ListTables",
                "outposts:GetOutpost",
                "elasticmapreduce:ListInstanceFleets",
                "codeartifact:DescribeDomain",
                "events:DescribeEventSource",
                "events:ListEventBuses",
                "events:ListArchives",
                "appflow:ListConnectorEntities",
                "timestream:DescribeEndpoints",
                "outposts:ListOutposts",
                "sagemaker:DescribeDomain",
                "waf:ListRules"
            ],
            "Resource": "*"
        }
    ]
}