{
    "Version": "2012-10-17",
    "Statement": [
        {
            "Sid": "VisualEditor0",
            "Effect": "Allow",
            "Action": [
                "elasticache:DescribeReservedCacheNodes",
                "storagegateway:DescribeGatewayInformation",
                "serverlessrepo:GetApplication",
                "batch:DescribeComputeEnvironments",
                "route53:ListHostedZonesByName",
                "elasticloadbalancing:DescribeLoadBalancers",
                "mq:DescribeBroker",
                "cloudhsm:ListAvailableZones",
                "route53:ListResourceRecordSets",
                "cloudhsm:ListHsms",
                "elasticache:DescribeReplicationGroups",
                "datapipeline:ListPipelines",
                "route53:ListTrafficPolicyInstancesByHostedZone",
                "batch:ListJobs",
                "mq:ListConfigurations",
                "cloudsearch:ListDomainNames",
                "cloudhsm:ListLunaClients",
                "batch:DescribeJobDefinitions",
                "elasticache:DescribeCacheClusters",
                "secretsmanager:ListSecrets",
                "cloudhsm:DescribeHsm",
                "serverlessrepo:ListApplications",
                "batch:DescribeJobQueues",
                "route53:ListTrafficPolicyInstances",
                "mq:ListBrokers",
                "sns:ListTopics",
                "cloudsearch:ListTags",
                "sqs:ListQueues",
                "cloudhsm:DescribeClusters",
                "storagegateway:ListGateways",
                "batch:DescribeJobs",
                "es:DescribeElasticsearchDomain",
                "route53domains:ListDomains",
                "cloudhsm:DescribeLunaClient",
                "elasticache:DescribeCacheSubnetGroups",
                "route53:ListTrafficPolicies",
                "elasticmapreduce:ListClusters",
                "cloudsearch:DescribeDomains",
                "route53:GetTrafficPolicyInstance",
                "es:DescribeElasticsearchDomains",
                "mq:DescribeConfiguration",
                "route53:ListHostedZones",
                "es:DescribeElasticsearchDomainConfig",
                "datapipeline:GetPipelineDefinition",
                "es:ListDomainNames",
                "redshift:DescribeReservedNodes",
                "redshift:DescribeClusters",
                "cloudfront:ListDistributions",
                "sns:ListPlatformApplications",
                "elasticache:DescribeCacheSecurityGroups"
            ],
            "Resource": "*"
        }
    ]
}
