{
    "Version": "2012-10-17",
    "Statement": [
        {
            "Sid": "VisualEditor0",
            "Effect": "Allow",
            "Action": [
                "ec2:DescribeInstances",
				"ec2:DescribeRegions",
                "ec2:DescribeAvailabilityZones",
                "clouddirectory:ListDirectories",
                "ecs:DescribeTaskDefinition",
                "ec2:DescribeInternetGateways",
                "elasticbeanstalk:DescribeEnvironments",
                "dynamodb:DescribeTable",
                "autoscaling:DescribeAutoScalingGroups",
                "cloudtrail:ListTags",
                "ec2:DescribeVolumes",
                "ec2:DescribeReservedInstances",
                "apigateway:GET",
                "ecs:ListTaskDefinitions",
                "a4b:ListSkills",
                "s3:GetBucketWebsite",
                "lambda:ListFunctions",
                "lightsail:Get*",
                "autoscaling:DescribeTags",
                "cloudformation:DescribeStackResources",
                "cloudtrail:DescribeTrails",
                "workdocs:DescribeInstances",
                "acm-pca:ListCertificateAuthorities",
                "ecs:DescribeClusters",
                "cloudformation:DescribeStacks",
                "workmail:DescribeOrganizations",
                "acm:DescribeCertificate",
                "ec2:DescribeScheduledInstances",
                "cloudwatch:DescribeAlarms",
                "eks:DescribeCluster",
                "eks:ListClusters",
                "ec2:DescribeElasticGpus",
                "ec2:DescribeSubnets",
                "glacier:ListVaults",
                "ec2:DescribeVpnGateways",
                "codestar:DescribeProject",
                "ec2:DescribeAddresses",
                "dynamodb:ListTables",
                "autoscaling:DescribeLaunchConfigurations",
                "s3:ListBucket",
                "s3:GetBucketPolicy",
                "ecs:ListServices",
                "s3:GetEncryptionConfiguration",
                "ec2:DescribeNetworkInterfaces",
                "neptune-db:connect",
                "rds:DescribeDBInstances",
                "acm:ListCertificates",
                "kms:DescribeKey",
                "elasticbeanstalk:DescribeApplications",
                "ecs:DescribeServices",
                "elasticfilesystem:DescribeFileSystems",
                "ec2:DescribeNatGateways",
                "s3:GetBucketAcl",
                "ec2:DescribeSecurityGroups",
                "ec2:DescribeSpotFleetRequests",
                "kms:ListKeys",
                "workmail:DescribeMailDomains",
                "ec2:DescribeSpotFleetInstances",
                "workdocs:DescribeUsers",
                "s3:ListAllMyBuckets",
                "dynamodb:ListGlobalTables",
                "dynamodb:DescribeGlobalTable",
                "ec2:DescribeVpcs",
                "autoscaling-plans:DescribeScalingPlans",
                "codestar:ListProjects",
                "s3:GetBucketLocation",
                "rds:DescribeDBClusters"
            ],
            "Resource": "*"
        }
    ]
}